category,product_name,price,per_unit_price
meat,Lean Ground Beef Club Pack1.3 kg,$10.00ea,$0.77/ 100g
meat,No NameMild Sugar-Cured Bacon500 g,$3.99ea,$0.80/ 100g
meat,Lean Ground Beef500 g,$7.00ea,$1.40/ 100g
meat,"No NameBacon, Mild Sugar Cured with Reduced Salt, Uncooked500 g",$3.99ea,$0.80/ 100g
meat,Extra Lean Ground Beef500 g,$8.00ea,$1.60/ 100g
meat,"President's ChoiceFree From Chicken Breast, Boneless, Skinless",$10.54(est.)ea,$20.26/ 1kg
meat,SchneiderRed Hots Original Hot Dogs375 g,$6.49ea,$1.73/ 100g
meat,SchneiderHickory Smoked Classic Cut Bacon375 g,$3.99ea,$1.06/ 100g
meat,President's ChoiceReduced Salt Bacon  500 g,$7.49ea,$1.50/ 100g
meat,Medium Ground Beef500 g,$6.00ea,$1.20/ 100g
meat,Maple LeafOriginal Natural Bacon375 g,$7.99ea,$2.13/ 100g
meat,Maple LeafNatural Top Dogs Original Hot Dogs375 g,$6.29ea,$1.68/ 100g
meat,"President's ChoiceFree From Air Chilled Chicken Thighs, Club Pack",$14.11(est.)ea,$11.00/ 1kg
meat,"President's ChoiceFree From Chicken Breast, Boneless, Skinless, Club Pack",$21.01(est.)ea,$19.82/ 1kg
meat,President's ChoiceFree From Mild Italian Pork Sausages500 g,$6.99ea,$1.40/ 100g
meat,"JanesPub Style Chicken Strips, Fully Cooked700 g",$10.49ea,$1.50/ 100g
meat,"President's ChoiceFree From Chicken Drumsticks, Club Pack",$12.10(est.)ea,$11.00/ 1kg
meat,SchneiderJuicy Jumbos All Beef Hot Dogs375 g,$7.49ea,$2.00/ 100g
meat,No NameOriginal Hot Dogs    450 g,$4.49ea,$1.00/ 100g
meat,"ButterballTurkey, Bacon Style375 g",$7.49ea,$2.00/ 100g
meat,SchneiderJuicy Jumbos Original Hot Dogs450 g,$7.49ea,$1.66/ 100g
meat,"President's ChoiceFree From Split Chicken Wings, Club Pack",$14.24(est.)ea,$13.43/ 1kg
meat,"President's ChoicePub Recipe Chicken Strips, Fully Cooked700 g",$7.49ea,$1.07/ 100g
meat,No NameChicken Hot Dogs450 g,$2.99ea,$0.66/ 100g
meat,SchneiderSmokies Honey Garlic Smoked Sausage900 g,$14.99ea,$1.67/ 100g
meat,Maple LeafOktoberfest Dinner Sausage375 g,$7.49ea,$2.00/ 100g
meat,President's ChoiceFree From Bangers Pork Sausages500 g,$6.99ea,$1.40/ 100g
meat,"SchneiderSmoked Sausage, Oktoberfest375 g",$7.49ea,$2.00/ 100g
meat,Beyond MeatBeyond Sausage Hot Italian400 g,$8.99ea,$2.25/ 100g
meat,President's ChoiceFree From Bacon Style Turkey300 g,$8.19ea,$2.73/ 100g
meat,LilydaleSausage Turkey Maple Flavour375 g,$3.99ea,$1.06/ 100g
meat,President's ChoiceMaple Flavoured Naturally Smoked Bacon500 g,$7.79ea,$1.56/ 100g
meat,"Maple LeafChicken Breasts, Boneless, Skinless 2-Pack1 ea",$7.00ea,$7.00/ 1ea
meat,SufraExtra Lean Ground Chicken454 g,$8.00ea,$1.76/ 100g
meat,President's ChoiceFree From Original Breakfast Pork Sausages375 g,$6.99ea,$1.86/ 100g
meat,Maple Lodge Farms LTUltimate Chicken Wiener900 g,$6.49ea,$0.72/ 100g
meat,Maple LeafMini-Sizzlers Breakfast Sausages375 g,$7.49ea,$2.00/ 100g
meat,Beef Rib Eye Steak170 g,$7.00ea,$4.12/ 100g
meat,SchneiderAll Beef Hot Dogs375 g,$7.99ea,$2.13/ 100g
meat,President's ChoiceFree From Hot Italian Pork Sausages500 g,$6.99ea,$1.40/ 100g
meat,SchneiderJuicy Jumbos Original Hot Dogs Family Pack900 g,$11.99ea,$1.33/ 100g
meat,Extra Lean Ground Beef454 g,$7.00ea,$1.54/ 100g
meat,MarcangeloHoney Garlic Flavour Pork Sausages 375 g,$5.99ea,$1.60/ 100g
meat,Maple LeafFully Cooked Natural Pork Breakfast Sausage Patties300 g,$7.49ea,$2.50/ 100g
meat,SufraChicken Legs1.6 kg,$11.00ea,$0.69/ 100g
meat,LousPeameal Bacon Original800 g,$6.49ea,$0.81/ 100g
meat,Butcher's ChoiceHot Italian Pork Sausages1.45 kg,$15.99ea,$1.10/ 100g
meat,Zabiha HalalSpicy Supreme Chicken Frankfurters900 g,$4.99ea,$0.55/ 100g
meat,Maple LeafChicken Drumsticks0.872 g,$7.00ea,$802.75/ 100g
meat,Maple LeafReady Crisp Fully Cooked Less Salt Natural Bacon Slices65 g,$7.99ea,$12.29/ 100g
meat,"Boneless Pork Chop Center & Rib, Club Pack",$8.42(est.)ea,$10.99/ 1kg
meat,Zabiha HalalSpicy Supreme Chicken Frankfurters900 g,$4.99ea,$0.55/ 100g
meat,MontpakDiced Boneless Grain-Fed Stewing Veal,$8.81(est.)ea,$17.61/ 1kg
meat,"Lamb Leg, Short Cut, Previously Frozen",$35.44(est.)ea,$15.41/ 1kg
meat,President's ChoiceWorld of Flavours Korean Pork Belly Roast600 g,$12.99ea,$2.17/ 100g
meat,"JanesPub Style Chicken Nugget, Fully Cooked700 g",$10.49ea,$1.50/ 100g
meat,Maple Lodge Farms LTChicken Wiener450 g,$2.99ea,$0.66/ 100g
meat,"Chicken Whole, Tray Pack",$14.70(est.)ea,$8.75/ 1kg
meat,"Maple LeafNatural Top Dogs Original Hot Dogs, Family Size900 g",$9.49ea,$1.05/ 100g
meat,"MarcangeloChicken Souvlaki, Value Pack480 g",$12.99ea,$2.71/ 100g
meat,"Maple LeafChicken Breast, Boneless, Skinless1 ea",$12.00ea,$12.00/ 1ea
meat,SufraLean Beef454 g,$7.00ea,$1.54/ 100g
meat,Beef Rib Finger Meat Boneless,$23.70(est.)ea,$19.82/ 1kg
meat,"SchneiderSmokies, Sharp Cheddar Smoked Sausage900 g",$14.99ea,$1.67/ 100g
meat,President's ChoiceSirloin Beef Meatballs 907 g,$14.99ea,$1.65/ 100g
meat,Pork Combo Chops,$10.76(est.)ea,$10.78/ 1kg
meat,MrakovicChevapi Large1.68 kg,$35.99ea,$2.14/ 100g
meat,Pork Half Loin,$26.40(est.)ea,$8.80/ 1kg
meat,President's ChoiceNashville Breaded Chicken Bites700 g,$11.69ea,$1.67/ 100g
meat,"Eye Of Round Steak, Club Pack",$17.53(est.)ea,$23.13/ 1kg
meat,SufraHalal Chicken Strips840 g,$8.99ea,$1.07/ 100g
meat,Beef Strips Inside Round,$10.66(est.)ea,$24.23/ 1kg
meat,ReaItalian Sausage720 g,$8.99ea,$1.25/ 100g
meat,President's ChoiceJerk Chicken Wings907 g,$15.99ea,$1.76/ 100g
meat,Butcher's ChoicePork Breakfast Sausages500 g,$4.99ea,$1.00/ 100g
meat,"Maple LeafNatural Pork Breakfast Sausage, Fully Cooked300 g",$7.49ea,$2.50/ 100g
meat,Maple LeafExtra Lean Ground Turkey454 g,$8.00ea,$1.76/ 100g
meat,JanesBoneless Chicken Bites710 g,$15.99ea,$2.25/ 100g
meat,President's ChoiceFree From Skin On Turkey Drumsticks,$5.54(est.)ea,$11.00/ 1kg
meat,Pork Picnic Shoulder,$13.59(est.)ea,$3.95/ 1kg
meat,President's ChoiceApplewood-Smoked Spiral-Sliced Bone-In Half Ham with Apple Cider Glaze Pouch ,$39.60(est.)ea,$8.80/ 1kg
meat,No NameBreaded Chicken Cutlettes Chicken Nuggets Club Size1810 g,$10.49ea,$0.58/ 100g
meat,Chicken Strips1.5 kg,$10.00ea,$0.67/ 100g
meat,PC Blue MenuAngus Burger1.02 kg,$16.99ea,$1.67/ 100g
meat,"President's ChoiceFree From Boneless Pork Center Chop, Tray Pack",$8.55(est.)ea,$18.71/ 1kg
meat,Pork Loin Center Cutlet Boneless,$6.34(est.)ea,$13.20/ 1kg
meat,President's ChoiceToo Good To Be Wings Maple Barbecue Boneless Coated Chicken Breast Chunks800 g,$11.69ea,$1.46/ 100g
meat,"Chicken Breast Bone-in Skinless, Club Pack",$16.08(est.)ea,$12.56/ 1kg
meat,St HubertMontana's Texan BBQ Ribs650 g,$8.99ea,$1.38/ 100g
meat,"Turkey, 5-7KG Frozen1 ea",$24.00ea,$24.00/ 1ea
meat,Maple LeafRed Hots Original Hot Dogs Party Size900 g,$9.49ea,$1.05/ 100g
meat,"President's ChoicePub Recipe Chicken Strips, Fully Cooked, Club Size1.4 kg",$11.99ea,$0.86/ 100g
meat,ButterballHomestyle Stuffing900 g,$6.99ea,$0.78/ 100g
meat,JanesBoneless Chicken Bites710 g,$15.99ea,$2.25/ 100g
meat,SufraHalal Chicken Nuggets840 g,$8.99ea,$1.07/ 100g
meat,President's ChoiceFree From Split Turkey Breast ,$9.52(est.)ea,$12.99/ 1kg
meat,"Turkey 7-9KG, Frozen1 ea",$30.00ea,$30.00/ 1ea
meat,President's ChoiceKofta Beef Meatballs454 g,$9.99ea,$2.20/ 100g
meat,President's ChoiceRotisserie-Style Chicken Wings907 g,$11.99ea,$1.32/ 100g
meat,No NameAll-Beef Wieners450 g,$5.99ea,$1.33/ 100g
meat,SufraHalal Breaded Chicken Burgers828 g,$8.99ea,$1.09/ 100g
meat,"Chicken Breast Boneless & Skinless, Club Pack",$16.92(est.)ea,$14.97/ 1kg
meat,No NameExtra Thick Cut Bacon1 kg,$10.19ea,$1.02/ 100g
meat,Pork Back Ribs,$19.81(est.)ea,$15.85/ 1kg
meat,President's ChoiceWorld of Flavours Korean Pork Belly Roast600 g,$12.99ea,$2.17/ 100g
meat,"Butcher's ChoiceBBQ Beef Burgers, Hickory Flavour1.13 kg",$15.99ea,$1.42/ 100g
meat,President's ChoiceGreek Lamb Sirloin Roast,$19.10(est.)ea,$37.46/ 1kg
meat,"Maple LeafNatural Top Dogs Original Hot Dogs, Family Size900 g",$9.49ea,$1.05/ 100g
meat,President's ChoiceCheddar Smokies 1 kg,$13.59ea,$1.36/ 100g
meat,LilydaleTurkey Sausages Mild Italian500 g,$5.99ea,$1.20/ 100g
meat,Swiss ChaletBBQ Pork Ribs600 g,$8.99ea,$1.50/ 100g
meat,President's ChoiceSmokin Stampede Pork Back Ribs 680 g,$12.99ea,$1.91/ 100g
meat,Zabiha HalalHalal Barbeque Chicken Wings908 g,$17.99ea,$1.98/ 100g
meat,President's ChoiceCheddar Jalapeno Smokies Pork Sausages1000 g,$13.59ea,$1.36/ 100g
meat,President's ChoiceNashville-Style Chicken Wings907 g,$11.99ea,$1.32/ 100g
meat,President's ChoiceMeatless Meatballs454 g,$8.99ea,$1.98/ 100g
meat,PC Blue MenuThick & Juicy™ Lean Beef Burgers  1.13 kg,$16.99ea,$1.50/ 100g
meat,"Pork Belly, Sliced",$7.66(est.)ea,$17.61/ 1kg
meat,Beyond MeatBeyond Beef Grounds340 g,$8.99ea,$2.64/ 100g
meat,MarcangeloBacon Wrapped Beef340 g,$12.49ea,$3.67/ 100g
meat,President's ChoicePlant Based Beefless Ground340 g,$8.99ea,$2.64/ 100g
meat,President's ChoiceFree From Pork Frankfurters375 g,$6.59ea,$1.76/ 100g
meat,ReaItalian Sausage720 g,$8.99ea,$1.25/ 100g
meat,Butcher's ChoicePork Breakfast Sausages500 g,$4.99ea,$1.00/ 100g
meat,"Maple LeafNatural Pork Breakfast Sausage, Fully Cooked300 g",$7.49ea,$2.50/ 100g
meat,Butcher's ChoiceBeef Burgers1.13 kg,$15.99ea,$1.42/ 100g
meat,President's ChoiceWorlds of Flavors Carnitas Pork Shoulder900 g,$11.99ea,$1.33/ 100g
meat,Zabiha HalalChicken Breast Strips800 g,$10.99ea,$1.37/ 100g
meat,MarcangeloHawaiian Style Bacon Wrapped Pork Loin Centre Cut Roast600 g,$14.59ea,$2.43/ 100g
meat,Maple LeafOriginal Natural Smoked Ham600 g,$14.99ea,$2.50/ 100g
meat,No NamePork Cottage Roll,$16.50(est.)ea,$11.00/ 1kg
meat,Chicken Strips1.5 kg,$10.00ea,$0.67/ 100g
meat,President's ChoiceFree From Maple Flavoured Bacon375 g,$7.49ea,$2.00/ 100g
meat,President's ChoiceRosemary & Garlic Rack,$28.94(est.)ea,$57.30/ 1kg
meat,Zabiha HalalBreaded Chicken Burgers800 g,$10.99ea,$1.37/ 100g
meat,Grain Fed Veal Cutlets,$16.53(est.)ea,$33.05/ 1kg
meat,"St HubertBack Ribs, Texas Style680 g",$16.99ea,$2.50/ 100g
meat,No NameKnackwurst Smoked Sausages900 g,$10.29ea,$1.14/ 100g
meat,President's ChoiceGluten Free Chicken Strips600 g,$8.49ea,$1.42/ 100g
meat,PC Blue MenuSirloin Beef Burger1.02 kg,$16.99ea,$1.67/ 100g
meat,Maple LeafRed Hots Original Hot Dogs Party Size900 g,$9.49ea,$1.05/ 100g
meat,LilydaleSausage Chicken375 g,$3.99ea,$1.06/ 100g
meat,President's ChoiceFree From Smoked Ham700 g,$14.49ea,$2.07/ 100g
meat,"JanesPub Style Chicken Burger, Fully Cooked700 g",$10.49ea,$1.50/ 100g
meat,"No NameHoney Garlic Chicken Wings, Club Pack1.81 kg",$24.99ea,$1.38/ 100g
meat,Maple LeafNatural Less Salt Bacon375 g,$8.49ea,$2.26/ 100g
meat,SufraBone-in Skin-on Chicken Thighs840 g,$8.00ea,$0.95/ 100g
meat,LousPeameal Bacon Original454 g,$7.99ea,$1.76/ 100g
meat,LilydaleTurkey Sausages Bratwurst500 g,$5.99ea,$1.20/ 100g
meat,President's ChoiceFree From Australian Lamb Boneless Leg ,$30.39(est.)ea,$22.02/ 1kg
meat,JohnsonvilleOriginal Breakfast Sausage375 g,$6.99ea,$1.86/ 100g
meat,"SchneiderSmoked Sausage, Classic Recipe375 g",$7.49ea,$2.00/ 100g
meat,JohnsonvilleHot Italian Sausage500 g,$6.99ea,$1.40/ 100g
meat,Al SafaLean Ground Beef908 g,$10.00ea,$1.10/ 100g
meat,New ZealandGoat Stew Bone In1 kg,$29.99ea,$3.00/ 100g
meat,No NamePork Loin Peameal-Style Sliced Cured454 g,$5.49ea,$1.21/ 100g
meat,President's ChoiceThick & Juicy Beef Burgers2.72 kg,$26.99ea,$0.99/ 100g
meat,MontpakVeal Breaded Cutlet,$5.49(est.)ea,$24.23/ 1kg
meat,President's ChoiceFree From Honey Garlic Flavoured Pork Sausages 500 g,$6.99ea,$1.40/ 100g
meat,SchneiderTexas BBQ Chicken Wings615 g,$14.99ea,$2.44/ 100g
meat,"Split Chicken Wings, Club Pack",$11.05(est.)ea,$11.88/ 1kg
meat,"Lamb Leg, Short Cut",$40.12(est.)ea,$16.51/ 1kg
meat,President's ChoiceWorld Of Flavours Greek Seasoned Pork Loin Roast730 g,$11.99ea,$1.64/ 100g
meat,"Chicken Thighs, Club Pack",$11.27(est.)ea,$9.24/ 1kg
meat,Southwestern Style Pork Loin Steaks380 g,$6.00ea,$1.58/ 100g
meat,President's ChoiceFree From Boneless Blade Roast Beef,$18.77(est.)ea,$26.43/ 1kg
meat,MontpakLean Ground Veal 454 g,$6.49ea,$1.43/ 100g
meat,MarcangeloMarc Angelo Pork Sausages with Rapini and Parmigiano Reggiano Cheese 675 g675 g,$6.99ea,$1.04/ 100g
meat,MarcangeloBeef Top Sirloin Roast600 g,$19.99ea,$3.33/ 100g
meat,"No NameChicken Burger, Club Pack1810 g",$10.49ea,$0.58/ 100g
meat,MarcangeloBbq Flavour Bacon Wrapped Pork Loin Centre Cut Roast600 g,$11.99ea,$2.00/ 100g
meat,MrakovicBurger The Big Balkan Pljeskavica1100 g,$21.99ea,$2.00/ 100g
meat,President's ChoiceFree From Sausages300 g,$6.49ea,$2.16/ 100g
meat,ReaItalian Sausage Rosemary Garlic 720 g,$8.99ea,$1.25/ 100g
meat,LilydaleTurkey Sausages Hot Italian500 g,$5.99ea,$1.20/ 100g
meat,MarcangeloSweet Chili Lime Pork Sirloin Roast800 g,$11.49ea,$1.44/ 100g
meat,MarcangeloItalian Style Pork Sausages Sweet Italian 375 g,$5.99ea,$1.60/ 100g
meat,Maple Lodge Farms LTChicken Bacon-Style375 g,$6.99ea,$1.86/ 100g
meat,Grain Fed Veal Cutlets,$16.53(est.)ea,$33.05/ 1kg
meat,Zabiha HalalSliced Smoked Halal Chicken Breast Roast200 g,$6.29ea,$3.15/ 100g
meat,"Thick Centre Cut Pork Loin Steak, Boneless380 g",$6.00ea,$1.58/ 100g
meat,President's ChoiceSwedish Beef Meatballs907 g,$16.99ea,$1.87/ 100g
meat,President's ChoicePlant Based Breakfast Sausage300 g,$8.49ea,$2.83/ 100g
meat,JohnsonvilleMaple Breakfast Sausage375 g,$6.99ea,$1.86/ 100g
meat,"Navel Beef, 4LB1.814 kg",$22.99ea,$1.27/ 100g
meat,President's ChoiceThick & Juicy™ Beef Burgers  1.36 kg,$16.99ea,$1.25/ 100g
meat,"SchneiderSmoked Sausage, Classic Cheddar375 g",$7.49ea,$2.00/ 100g
meat,Butcher's ChoicePork and Beef Breakfast Sausages500 g,$4.99ea,$1.00/ 100g
meat,MarcangeloFrozen Twisters Jumbo Sausage500 g,$6.99ea,$1.40/ 100g
meat,No NameBuffalo Chicken Wings908 g,$13.00ea,$1.43/ 100g
meat,President's ChoiceThick & Juicy Bear Paw Burgers (Case)4.54 kg,$44.99c01,$0.99/ 100g
meat,"No NameChicken Wings, Club Pack1.81 kg",$24.99ea,$1.38/ 100g
meat,"President's ChoiceChicken Wings, Crisp & Crunchy Mild Southern-Style 907 g",$11.99ea,$1.32/ 100g
meat,JohnsonvilleOriginal Breakfast Sausage Rounds250 g,$6.99ea,$2.80/ 100g
meat,No NameOriginal Smoked Sausages900 g,$10.29ea,$1.14/ 100g
meat,ButterballTurkey Franks450 g,$5.49ea,$1.22/ 100g
meat,President's ChoiceSteak-Cut Smoked Bacon Stacon Uncooked500 g,$7.79ea,$1.56/ 100g
meat,Ham Hock,$8.81(est.)ea,$8.80/ 1kg
meat,LilydaleDaystarters Sausage Turkey 375 g,$3.99ea,$1.06/ 100g
meat,President's ChoiceBoneless Spiral-Sliced Hickory-Smoked Ham with Brown Sugar Glaze Pouch ,$34.82(est.)ea,$18.72/ 1kg
meat,"No NameChicken Strips, Club Pack1810 g",$10.49ea,$0.58/ 100g
meat,MarcangeloMild Italian Jumbo Sausage675 g,$6.99ea,$1.04/ 100g
meat,SchneiderOriginal Half Ham700 g,$14.99ea,$2.14/ 100g
meat,JanesBBQ Chickens Bites710 g,$15.99ea,$2.25/ 100g
meat,"Lean Ground Beef, Club Pack",$17.08(est.)ea,$13.21/ 1kg
meat,JohnsonvilleGround Hot Italian Sausage375 g,$6.99ea,$1.86/ 100g
meat,President's ChoiceWorld Of Flavours Canadian Maple Apple Butter Roast730 g,$11.99ea,$1.64/ 100g
meat,MarcangeloChicken Breasts With Spinach And Feta350 g,$10.00ea,$2.86/ 100g
meat,"JohnsonvilleSmoked Sausage, Beef & Cheddar375 g",$6.99ea,$1.86/ 100g
meat,JohnsonvilleFully Cooked Maple Breakfast Sausages250 g,$5.99ea,$2.40/ 100g
meat,"Beef Outside Round Fast Fry Steaks, Club Pack",$16.23(est.)ea,$24.23/ 1kg
meat,Cornmeal Coated Pork Loin,$9.60(est.)ea,$9.90/ 1kg
meat,Zabiha HalalChicken Sausages375 g,$6.29ea,$1.68/ 100g
meat,"No NameFully Cooked, Breaded Chicken Nuggets Cutlettes908 g",$6.00ea,$0.66/ 100g
meat,JanesPub Style Turkey Nuggets600 g,$10.49ea,$1.75/ 100g
meat,Zabiha HalalChicken Wieners Original450 g,$2.99ea,$0.66/ 100g
meat,"Lean Ground Pork, Club Pack",$10.18(est.)ea,$8.80/ 1kg
meat,"No NameChicken Wings, Honey Garlic908 g",$13.00ea,$1.43/ 100g
meat,SchneiderButtery Buffalo Chicken Wings615 g,$14.99ea,$2.44/ 100g
meat,Al SafaChicken Tenderz Spicy 400 g,$9.99ea,$2.50/ 100g
meat,Beyond MeatBeyond Burger Plant-Based226 g,$7.99ea,$3.54/ 100g
meat,President's ChoiceMedium Buffalo-Style Chicken Wings907 g,$11.99ea,$1.32/ 100g
meat,"Chicken Breast Boneless Skinless, Tray Pack",$7.87(est.)ea,$16.73/ 1kg
meat,"Butcher's ChoiceBeef Burger, Cheddar Cheese1.13 kg",$15.99ea,$1.42/ 100g
meat,President's ChoiceFree From Maple Breakfast Pork Sausages375 g,$6.99ea,$1.86/ 100g
meat,President's ChoiceFree From Angus Beef Meatball850 g,$16.99ea,$2.00/ 100g
meat,SchneiderOriginal Ham Steak175 g,$6.29ea,$3.59/ 100g
meat,Zabiha HalalBuffalo Wings Spicy908 g,$17.99ea,$1.98/ 100g
meat,MarcangeloItalian Style Pork Sausages Spicy Italian 375 g,$5.99ea,$1.60/ 100g
meat,SufraHalal Beef Burgers907 g,$18.00ea,$1.98/ 100g
meat,Zabiha HalalChicken Breast Nuggets800 g,$10.99ea,$1.37/ 100g
meat,Zabiha HalalSpicy Italian Fully-Cooked Sausages375 g,$6.29ea,$1.68/ 100g
meat,President's ChoiceThick & Juicy™ Chicken Burgers 1.13 kg,$15.99ea,$1.42/ 100g
meat,"MarcangeloPork Souvlaki, Value Pack640 g",$12.99ea,$2.03/ 100g
meat,ReaItalian Mild Sausage720 g,$8.99ea,$1.25/ 100g
meat,Pork Boneless Chop Center & Rib,$5.68(est.)ea,$15.41/ 1kg
meat,President's ChoiceGochujang Sweet & Spicy Chicken Wings907 g,$15.99ea,$1.76/ 100g
meat,No NameHot Dogs Chicken Club Pack1.5 kg,$6.89ea,$0.46/ 100g
meat,Butcher's ChoiceMild Italian Pork Sausages1.45 kg,$15.99ea,$1.10/ 100g
meat,ReaItalian Sausage Mild Fennel720 g,$8.99ea,$1.25/ 100g
meat,"Boneless Chuck Tender Steak, Club Pack",$19.89(est.)ea,$23.13/ 1kg
meat,"Beef Liver, Sliced",$6.01(est.)ea,$12.10/ 1kg
meat,Medium Ground Beef454 g,$5.00ea,$1.10/ 100g
meat,MarcangeloChicken Breast Medallions Bacon Wrapped 452 g452 g,$12.99ea,$2.87/ 100g
meat,President's ChoiceFree From Australian Lamb Spiedini 24 Skewers480 g,$26.00ea,$5.42/ 100g
meat,PC Black LabelWagyu Beef Burgers568 g,$15.99ea,$2.82/ 100g
meat,"President's ChoiceCocktail Sausage Smokies, Original500 g",$7.69ea,$1.54/ 100g
meat,Maple LeafChicken Thigh Boneless Skinless1 ea,$12.00ea,$12.00/ 1ea
meat,President's ChoiceAngus Ballpark Franks450 g,$6.89ea,$1.53/ 100g
meat,"No NameChicken Wings, Mild BBQ908 g",$13.00ea,$1.43/ 100g
meat,"President's ChoiceFree From Boneless Center Loin Roast, Tray Pack",$13.10(est.)ea,$18.72/ 1kg
meat,"No NameSmoked Sausages, Cheese900 g",$10.29ea,$1.14/ 100g
meat,"Pork Loin Chop, Centre Cut",$8.01(est.)ea,$14.31/ 1kg
meat,"No NameBurger C/Pack 20'S 5Lb, Club Pack2.27 kg",$24.99ea,$1.10/ 100g
meat,President's ChoiceDry-Rubbed Sea Salt & Black Pepper Pork Back Ribs680 g,$12.99ea,$1.91/ 100g
meat,No NameCrispy Southern Style Chicken1 kg,$16.99ea,$1.70/ 100g
meat,SufraHalal Stuffed Chicken Mozzarella568 g,$8.99ea,$1.58/ 100g
meat,PillersSmoked Sausage Original Knackwurst375 g,$5.49ea,$1.46/ 100g
meat,JohnsonvilleMild Italian Sausage500 g,$6.99ea,$1.40/ 100g
meat,President's ChoiceFree From Boneless Pork Center & Rib Chops,$8.15(est.)ea,$17.84/ 1kg
meat,President's ChoiceEverything Seasoned Breaded Chicken Breast Fillets750 g,$13.99ea,$1.87/ 100g
meat,JanesPub Style Turkey Nuggets600 g,$10.49ea,$1.75/ 100g
meat,Lean Ground Beef & Pork,$13.99(est.)ea,$11.66/ 1kg
meat,President's ChoiceFree From Chorizo Pork Sausages500 g,$6.99ea,$1.40/ 100g
meat,MarcangeloChicken Breasts With Asparagus And Mozzarella350 g,$10.00ea,$2.86/ 100g
meat,Chickent Nuggets1.5 kg,$10.00ea,$0.67/ 100g
meat,Eye Of Round Roast,$18.28(est.)ea,$22.02/ 1kg
meat,MarcangeloItalian Pork Meatballs1 kg,$13.00ea,$1.30/ 100g
meat,President's ChoiceItalian Smokies1 kg,$13.59ea,$1.36/ 100g
meat,SchneiderJuicy Jumbos Hot & Spicy Hot Dogs450 g,$7.49ea,$1.66/ 100g
meat,New ZealandLamb Loin Chops350 g,$12.29ea,$35.11/ 1kg
meat,"SchneiderSmokies, Original Smoked Sausage900 g",$14.99ea,$1.67/ 100g
meat,President's ChoiceYuzu Citrus Chicken Wings907 g,$11.99ea,$1.32/ 100g
meat,Zabiha HalalBeef Burger907 g,$15.99ea,$1.76/ 100g
meat,Pork Loin Chop Center,$10.63(est.)ea,$15.41/ 1kg
meat,Butcher's ChoiceHoney Garlic Flavoured Pork Sausages 1.45 kg,$15.99ea,$1.10/ 100g
meat,Beyond MeatBreakfast Sausage235 g,$8.49ea,$3.61/ 100g
meat,Chuck Tender Steak,$12.29(est.)ea,$25.33/ 1kg
meat,PC Blue MenuThick & Juicy Turkey Burgers1.13 kg,$16.99ea,$1.50/ 100g
meat,Beef Braising Ribs Club Pack,$24.92(est.)ea,$28.64/ 1kg
meat,"Pork Loin Centre Chop, Club Pack Seasoned",$17.71(est.)ea,$13.21/ 1kg
meat,President's ChoiceFree From Cocktail Mild Italian Pork Sausages375 g,$6.99ea,$1.86/ 100g
meat,SufraHalal Chicken Breast Club Pack 7Pk1.505 kg,$24.00ea,$1.59/ 100g
meat,"President's ChoiceChicken Nuggets, Club Pack1.4 kg",$11.99ea,$0.86/ 100g
meat,President's ChoiceThick & Juicy™ Prime Rib Beef Burger1.13 kg,$16.99ea,$1.50/ 100g
meat,No NameBreaded Chicken Cutlettes Chicken Strips908 g,$6.00ea,$0.66/ 100g
meat,President's ChoiceHoney Garlic Chicken Wings907 g,$11.99ea,$1.32/ 100g
meat,Lean Ground Beef454 g,$6.00ea,$1.32/ 100g
meat,Grade A Fresh Turkey 9-11 Kg,$76.90(est.)ea,$7.69/ 1kg
meat,"Swiss ChaletPork Back Ribs, Honey Garlic600 g",$8.99ea,$1.50/ 100g
meat,"Striploin Steak, Club Pack",$30.45(est.)ea,$37.46/ 1kg
meat,President's ChoiceBarbecue Seasoned Pork Shoulder Blade (World Of Flavours )900 g,$11.99ea,$1.33/ 100g
meat,SufraHalal Chicken Breast Strips375 g,$6.19ea,$1.65/ 100g
meat,Zabiha HalalSliced Cooked Chicken Breast Roast200 g,$6.29ea,$3.15/ 100g
meat,No NameBeef Burger 4 Oz1.36 kg,$14.99ea,$1.10/ 100g
meat,President's ChoiceFree From Australian Lamb Shanks,$21.28(est.)ea,$18.72/ 1kg
meat,"Butcher's ChoiceBeef Burger, Club Pack2.27 kg",$24.99ea,$1.10/ 100g
meat,President's ChoiceThick & Juicy™ Sirloin Beef Burgers 1.13 kg,$16.99ea,$1.50/ 100g
meat,SchneiderHoney Garlic Wings615 g,$14.99ea,$2.44/ 100g
meat,"Chicken Leg with Bone, Club Pack",$11.16(est.)ea,$8.80/ 1kg
meat,"No NameChicken Wings, Medium BBQ908 g",$13.00ea,$1.43/ 100g
meat,"President's ChoiceMeatballs, Italian Style907 g",$16.99ea,$1.87/ 100g
meat,President's ChoiceGochujang Sweet & Spicy Chicken Bites700 g,$11.99ea,$1.71/ 100g
meat,President's ChoiceBreaded Chicken Strips600 g,$8.49ea,$1.42/ 100g
meat,Cook's Portion Ham,$36.17(est.)ea,$8.80/ 1kg
meat,President's ChoiceFree From Angus Beef Burger1.02 kg,$16.99ea,$1.67/ 100g
meat,President's ChoiceAngus Beef Meatballs907 g,$14.99ea,$1.65/ 100g
meat,President's ChoiceFree From Turkey Breast Fillet,$6.28(est.)ea,$20.92/ 1kg
meat,JohnsonvilleFully Cooked Breakfast Sausage250 g,$5.99ea,$2.40/ 100g
meat,"Stewing Beef, Boneless, Club Pack",$22.02(est.)ea,$22.02/ 1kg
meat,Zabiha HalalChicken Breakfast Strips375 g,$5.99ea,$1.60/ 100g
meat,"Beef Eye of Round Fast Fry Steaks, Club Pack",$13.68(est.)ea,$25.33/ 1kg
meat,Janes Turkey Strips600 g,$10.49ea,$1.75/ 100g
meat,President's ChoiceOriginal Smokies1 kg,$13.59ea,$1.36/ 100g
meat,Maple LeafCountry Naturals Hot Dogs375 g,$7.49ea,$2.00/ 100g
meat,"Chicken Thigh, Boneless, Skinless, Club Pack",$16.84(est.)ea,$16.51/ 1kg
meat,Breaded Chicken Burger1.5 kg,$10.00ea,$0.67/ 100g
meat,No NameSalt & Pepper Chicken Wings908 g,$13.00ea,$1.43/ 100g
meat,PC Blue MenuItalian Beef Meatballs907 g,$14.99ea,$1.65/ 100g
meat,"President's ChoiceFully Cooked Pork Back Ribs, Smokin Stampede500 g",$12.99ea,$2.60/ 100g
meat,"Sirloin Tip Steak, Club Pack",$18.21(est.)ea,$23.13/ 1kg
meat,"Beef Shank, Sliced Bone-In",$6.84(est.)ea,$16.51/ 1kg
meat,Maple LeafReady Crisp Fully Cooked Natural Bacon Slices65 g,$3.99ea,$6.14/ 100g
meat,"Stewing Beef, Boneless",$12.12(est.)ea,$24.23/ 1kg
meat,"Chicken Breast Fillet, Club Pack",$12.02(est.)ea,$16.51/ 1kg
meat,"JanesPopcorn Chicken, Fully Cooked700 g",$10.49ea,$1.50/ 100g
meat,Beyond MeatSausage Mild Italian400 g,$8.99ea,$2.25/ 100g
meat,"JohnsonvilleSmoked Sausage, Beef375 g",$6.99ea,$1.86/ 100g
meat,Maple LeafChicken Ground Lean454 g,$8.00ea,$1.76/ 100g
