category,brand,product,product_name,price,per_unit_price
meat,Schneider,Hickory Smoked Classic Cut Bacon,SchneiderHickory Smoked Classic Cut Bacon375 g,$7.99ea,$2.13/ 100g
meat,President's Choice,"Free From Chicken Breast, Boneless, Skinless, Club Pack","President's ChoiceFree From Chicken Breast, Boneless, Skinless, Club Pack",$20.08(est.)ea,$18.94/ 1kg
meat,No Name,Mild Sugar-Cured Bacon,No NameMild Sugar-Cured Bacon500 g,$7.49ea,$1.50/ 100g
meat,No Name,"Bacon, Mild Sugar Cured with Reduced Salt, Uncooked","No NameBacon, Mild Sugar Cured with Reduced Salt, Uncooked500 g",$7.49ea,$1.50/ 100g
meat,Schneider,Hickory Smoked 50% Less Salt Bacon,SchneiderHickory Smoked 50% Less Salt Bacon375 g,$7.99ea,$2.13/ 100g
meat,Maple Leaf,Original Natural Bacon,Maple LeafOriginal Natural Bacon375 g,$7.99ea,$2.13/ 100g
meat,President's Choice,Reduced Salt Bacon  ,President's ChoiceReduced Salt Bacon  500 g,$7.49ea,$1.50/ 100g
meat,,Cornmeal Coated Pork Loin,Cornmeal Coated Pork Loin,$4.26(est.)ea,$4.39/ 1kg
meat,President's Choice,"Free From Chicken Thigh, Boneless, Skinless, Club Pack","President's ChoiceFree From Chicken Thigh, Boneless, Skinless, Club Pack",$20.17(est.)ea,$16.95/ 1kg
meat,President's Choice,"Free From Chicken Breast, Boneless, Skinless","President's ChoiceFree From Chicken Breast, Boneless, Skinless",$10.54(est.)ea,$20.26/ 1kg
meat,,"Split Chicken Wings, Club Pack","Split Chicken Wings, Club Pack",$11.05(est.)ea,$11.88/ 1kg
meat,No Name,Original Hot Dogs    ,No NameOriginal Hot Dogs    450 g,$2.49ea,$0.55/ 100g
meat,President's Choice,Free From Mild Italian Pork Sausages,President's ChoiceFree From Mild Italian Pork Sausages500 g,$6.99ea,$1.40/ 100g
meat,President's Choice,"Free From Split Chicken Wings, Club Pack","President's ChoiceFree From Split Chicken Wings, Club Pack",$14.24(est.)ea,$13.43/ 1kg
meat,,Chicken Drumstick,Chicken Drumstick,$9.89(est.)ea,$9.24/ 1kg
meat,Maple Leaf,Ready Crisp Fully Cooked Natural Bacon Slices,Maple LeafReady Crisp Fully Cooked Natural Bacon Slices65 g,$7.99ea,$12.29/ 100g
meat,Maple Leaf,Natural Top Dogs Original Hot Dogs,Maple LeafNatural Top Dogs Original Hot Dogs375 g,$6.49ea,$1.73/ 100g
meat,President's Choice,Free From Original Breakfast Pork Sausages,President's ChoiceFree From Original Breakfast Pork Sausages375 g,$6.99ea,$1.86/ 100g
meat,President's Choice,Free From Maple Breakfast Pork Sausages,President's ChoiceFree From Maple Breakfast Pork Sausages375 g,$6.99ea,$1.86/ 100g
meat,Butterball,"Turkey, Bacon Style","ButterballTurkey, Bacon Style375 g",$7.49ea,$2.00/ 100g
meat,Johnsonville,Mild Italian Sausage,JohnsonvilleMild Italian Sausage500 g,$6.99ea,$1.40/ 100g
meat,Sufra,Halal Chicken Strips,SufraHalal Chicken Strips840 g,$11.00ea,$1.31/ 100g
meat,Maple Leaf,Extra Lean Ground Turkey,Maple LeafExtra Lean Ground Turkey454 g,$8.00ea,$1.76/ 100g
meat,,"Boneless Pork Chop Center & Rib, Club Pack","Boneless Pork Chop Center & Rib, Club Pack",$8.42(est.)ea,$10.99/ 1kg
meat,President's Choice,Applewood-Smoked Spiral-Sliced Bone-In Half Ham with Apple Cider Glaze Pouch ,President's ChoiceApplewood-Smoked Spiral-Sliced Bone-In Half Ham with Apple Cider Glaze Pouch ,$39.60(est.)ea,$8.80/ 1kg
meat,Montpak,Diced Boneless Grain-Fed Stewing Veal,MontpakDiced Boneless Grain-Fed Stewing Veal,$8.81(est.)ea,$17.61/ 1kg
meat,Sufra,Chicken Legs,SufraChicken Legs1.6 kg,$11.00ea,$0.69/ 100g
meat,,"Lamb Leg, Short Cut, Previously Frozen","Lamb Leg, Short Cut, Previously Frozen",$35.44(est.)ea,$15.41/ 1kg
meat,President's Choice,"Free From Boneless Pork Center Chop, Tray Pack","President's ChoiceFree From Boneless Pork Center Chop, Tray Pack",$8.55(est.)ea,$18.71/ 1kg
meat,,Beef Rib Eye Steak,Beef Rib Eye Steak170 g,$7.00ea,$4.12/ 100g
meat,Beyond Meat,Beyond Sausage Hot Italian,Beyond MeatBeyond Sausage Hot Italian400 g,$8.99ea,$2.25/ 100g
meat,,"Eye Of Round Steak, Club Pack","Eye Of Round Steak, Club Pack",$16.69(est.)ea,$22.02/ 1kg
meat,,"Turkey, 5-7KG Frozen","Turkey, 5-7KG Frozen1 ea",$24.00ea,$24.00/ 1ea
meat,,Pork Loin Center Cutlet Boneless,Pork Loin Center Cutlet Boneless,$6.34(est.)ea,$13.20/ 1kg
meat,,Pork Combo Chops,Pork Combo Chops,$10.76(est.)ea,$10.78/ 1kg
meat,Sufra,Halal Chicken Nuggets,SufraHalal Chicken Nuggets840 g,$11.00ea,$1.31/ 100g
meat,,Beef Strips Inside Round,Beef Strips Inside Round,$10.66(est.)ea,$24.23/ 1kg
meat,,Pork Picnic Shoulder,Pork Picnic Shoulder,$13.59(est.)ea,$3.95/ 1kg
meat,No Name,Breaded Chicken Cutlettes Chicken Nuggets Club Size,No NameBreaded Chicken Cutlettes Chicken Nuggets Club Size1810 g,$10.49ea,$0.58/ 100g
meat,,"Chicken Whole, Tray Pack","Chicken Whole, Tray Pack",$14.70(est.)ea,$8.75/ 1kg
meat,,Lean Ground Beef,Lean Ground Beef500 g,$7.00ea,$1.40/ 100g
meat,Sufra,Extra Lean Ground Chicken,SufraExtra Lean Ground Chicken454 g,$8.00ea,$1.76/ 100g
meat,Butterball,Homestyle Stuffing,ButterballHomestyle Stuffing900 g,$6.99ea,$0.78/ 100g
meat,Lilydale,Sausage Turkey Maple Flavour,LilydaleSausage Turkey Maple Flavour375 g,$3.29ea,$0.88/ 100g
meat,,Extra Lean Ground Beef,Extra Lean Ground Beef500 g,$8.00ea,$1.60/ 100g
meat,Marcangelo,Honey Garlic Flavour Pork Sausages ,MarcangeloHoney Garlic Flavour Pork Sausages 375 g,$5.99ea,$1.60/ 100g
meat,Sufra,Halal Chicken Wieners,SufraHalal Chicken Wieners450 g,$3.69ea,$0.82/ 100g
meat,Maple Leaf,Chicken Drumsticks,Maple LeafChicken Drumsticks0.872 g,$7.00ea,$802.75/ 100g
meat,President's Choice,Free From Bacon Style Turkey,President's ChoiceFree From Bacon Style Turkey300 g,$8.19ea,$2.73/ 100g
meat,,"Turkey 7-9KG, Frozen","Turkey 7-9KG, Frozen1 ea",$30.00ea,$30.00/ 1ea
meat,,"Outside Round Steak, Club Pack","Outside Round Steak, Club Pack",$16.98(est.)ea,$22.02/ 1kg
meat,Sufra,Halal Breaded Chicken Burgers,SufraHalal Breaded Chicken Burgers828 g,$11.00ea,$1.33/ 100g
meat,Mrakovic,Chevapi Small,MrakovicChevapi Small560 g,$12.99ea,$2.32/ 100g
meat,Maple Leaf,Ready Crisp Fully Cooked Less Salt Natural Bacon Slices,Maple LeafReady Crisp Fully Cooked Less Salt Natural Bacon Slices65 g,$7.99ea,$12.29/ 100g
meat,President's Choice,Maple Flavoured Naturally Smoked Bacon,President's ChoiceMaple Flavoured Naturally Smoked Bacon500 g,$7.79ea,$1.56/ 100g
meat,,"Chicken Breast Boneless & Skinless, Club Pack","Chicken Breast Boneless & Skinless, Club Pack",$16.92(est.)ea,$14.97/ 1kg
meat,,Pork Back Ribs,Pork Back Ribs,$19.81(est.)ea,$15.85/ 1kg
meat,President's Choice,October Wurst Fully Cooked Pork Sausages,President's ChoiceOctober Wurst Fully Cooked Pork Sausages1 kg,$13.59ea,$1.36/ 100g
meat,President's Choice,World of Flavours Korean Pork Belly Roast,President's ChoiceWorld of Flavours Korean Pork Belly Roast600 g,$12.99ea,$2.17/ 100g
meat,Lilydale,Turkey Sausages Mild Italian,LilydaleTurkey Sausages Mild Italian500 g,$5.99ea,$1.20/ 100g
meat,Marcangelo,"Chicken Souvlaki, Value Pack","MarcangeloChicken Souvlaki, Value Pack480 g",$12.99ea,$2.71/ 100g
meat,Schneider,"Smoked Sausage, Oktoberfest","SchneiderSmoked Sausage, Oktoberfest375 g",$5.99ea,$1.60/ 100g
meat,Maple Leaf,"Chicken Breast, Boneless, Skinless","Maple LeafChicken Breast, Boneless, Skinless1 ea",$12.00ea,$12.00/ 1ea
meat,President's Choice,Free From Australian Lamb Loin Chops,President's ChoiceFree From Australian Lamb Loin Chops,$17.35(est.)ea,$38.56/ 1kg
meat,Zabiha Halal,Halal Barbeque Chicken Wings,Zabiha HalalHalal Barbeque Chicken Wings908 g,$17.99ea,$1.98/ 100g
meat,President's Choice,Free From Bangers Pork Sausages,President's ChoiceFree From Bangers Pork Sausages500 g,$6.99ea,$1.40/ 100g
meat,Maple Leaf,"Split Chicken Wings, 22Pack","Maple LeafSplit Chicken Wings, 22Pack1 ea",$12.00ea,$12.00/ 1ea
meat,,Beef Rib Finger Meat Boneless,Beef Rib Finger Meat Boneless,$23.70(est.)ea,$19.82/ 1kg
meat,Maple Leaf,Mini-Sizzlers Breakfast Sausages,Maple LeafMini-Sizzlers Breakfast Sausages375 g,$7.49ea,$2.00/ 100g
meat,Lous,Peameal Bacon Original,LousPeameal Bacon Original800 g,$6.49ea,$0.81/ 100g
meat,President's Choice,Meatless Meatballs,President's ChoiceMeatless Meatballs454 g,$8.99ea,$1.98/ 100g
meat,President's Choice,Free From Split Turkey Wings,President's ChoiceFree From Split Turkey Wings,$5.90(est.)ea,$13.21/ 1kg
meat,Mrakovic,Chevapi Large,MrakovicChevapi Large1.68 kg,$35.99ea,$2.14/ 100g
meat,,"Pork Belly, Sliced","Pork Belly, Sliced",$7.66(est.)ea,$17.61/ 1kg
meat,,Extra Lean Ground Beef,Extra Lean Ground Beef454 g,$7.00ea,$1.54/ 100g
meat,Beyond Meat,Beyond Beef Grounds,Beyond MeatBeyond Beef Grounds340 g,$8.99ea,$2.64/ 100g
meat,Maple Leaf,Chicken Thighs,Maple LeafChicken Thighs0.954 kg,$7.00ea,$0.73/ 100g
meat,President's Choice,Nashville Breaded Chicken Bites,President's ChoiceNashville Breaded Chicken Bites700 g,$11.69ea,$1.67/ 100g
meat,,Extra Lean Ground Beef,Extra Lean Ground Beef500 g,$8.00ea,$1.60/ 100g
meat,President's Choice,Jerk Chicken Wings,President's ChoiceJerk Chicken Wings907 g,$15.99ea,$1.76/ 100g
meat,Butcher's Choice,Pork Breakfast Sausages,Butcher's ChoicePork Breakfast Sausages500 g,$4.99ea,$1.00/ 100g
meat,Janes,Boneless Chicken Bites,JanesBoneless Chicken Bites710 g,$16.99ea,$2.39/ 100g
meat,Maple Leaf,Oktoberfest Dinner Sausage,Maple LeafOktoberfest Dinner Sausage375 g,$7.49ea,$2.00/ 100g
meat,Marcangelo,Hawaiian Style Bacon Wrapped Pork Loin Centre Cut Roast,MarcangeloHawaiian Style Bacon Wrapped Pork Loin Centre Cut Roast600 g,$14.59ea,$2.43/ 100g
meat,President's Choice,Free From Skin On Turkey Drumsticks,President's ChoiceFree From Skin On Turkey Drumsticks,$5.54(est.)ea,$11.00/ 1kg
meat,Schneider,All Beef Hot Dogs,SchneiderAll Beef Hot Dogs375 g,$5.99ea,$1.60/ 100g
meat,PC Blue Menu,Angus Burger,PC Blue MenuAngus Burger1.02 kg,$16.99ea,$1.67/ 100g
meat,St Hubert,Frozen Back Ribs,St HubertFrozen Back Ribs680 g,$16.99ea,$2.50/ 100g
meat,No Name,Knackwurst Smoked Sausages,No NameKnackwurst Smoked Sausages900 g,$10.29ea,$1.14/ 100g
meat,St Hubert,Montana's Texan BBQ Ribs,St HubertMontana's Texan BBQ Ribs650 g,$14.99ea,$2.31/ 100g
meat,President's Choice,Free From Smoked Ham,President's ChoiceFree From Smoked Ham700 g,$14.49ea,$2.07/ 100g
meat,President's Choice,"Pub Recipe Chicken Strips, Fully Cooked, Club Size","President's ChoicePub Recipe Chicken Strips, Fully Cooked, Club Size1.4 kg",$11.99ea,$0.86/ 100g
meat,Schneider,Juicy Jumbos Original Hot Dogs Family Pack,SchneiderJuicy Jumbos Original Hot Dogs Family Pack900 g,$11.99ea,$1.33/ 100g
meat,Janes,Boneless Chicken Bites,JanesBoneless Chicken Bites710 g,$16.99ea,$2.39/ 100g
meat,President's Choice,Free From Hot Italian Pork Sausages,President's ChoiceFree From Hot Italian Pork Sausages500 g,$6.99ea,$1.40/ 100g
meat,President's Choice,Free From Split Turkey Breast ,President's ChoiceFree From Split Turkey Breast ,$9.52(est.)ea,$12.99/ 1kg
meat,President's Choice,Kofta Beef Meatballs,President's ChoiceKofta Beef Meatballs454 g,$9.99ea,$2.20/ 100g
meat,President's Choice,Rotisserie-Style Chicken Wings,President's ChoiceRotisserie-Style Chicken Wings907 g,$11.99ea,$1.32/ 100g
meat,No Name,All-Beef Wieners,No NameAll-Beef Wieners450 g,$5.99ea,$1.33/ 100g
meat,President's Choice,Jerk Frenched Chops,President's ChoiceJerk Frenched Chops440 g,$8.29ea,$1.88/ 100g
meat,No Name,Extra Thick Cut Bacon,No NameExtra Thick Cut Bacon1 kg,$10.19ea,$1.02/ 100g
meat,Butcher's Choice,"BBQ Beef Burgers, Hickory Flavour","Butcher's ChoiceBBQ Beef Burgers, Hickory Flavour1.13 kg",$15.99ea,$1.42/ 100g
meat,President's Choice,"Free From Air Chilled Chicken Breast Cutlet, Tray Pack","President's ChoiceFree From Air Chilled Chicken Breast Cutlet, Tray Pack",$8.52(est.)ea,$19.82/ 1kg
meat,Maple Leaf,"Natural Top Dogs Original Hot Dogs, Family Size","Maple LeafNatural Top Dogs Original Hot Dogs, Family Size900 g",$9.49ea,$1.05/ 100g
meat,President's Choice,Cheddar Smokies ,President's ChoiceCheddar Smokies 1 kg,$13.59ea,$1.36/ 100g
meat,New Zealand,Goat Stew Bone In,New ZealandGoat Stew Bone In1 kg,$29.99ea,$3.00/ 100g
meat,Swiss Chalet,BBQ Pork Ribs,Swiss ChaletBBQ Pork Ribs600 g,$14.99ea,$2.50/ 100g
meat,No Name,Pork Loin Peameal-Style Sliced Cured,No NamePork Loin Peameal-Style Sliced Cured454 g,$5.49ea,$1.21/ 100g
meat,President's Choice,Smokin Stampede Pork Back Ribs ,President's ChoiceSmokin Stampede Pork Back Ribs 680 g,$12.99ea,$1.91/ 100g
meat,Montpak,Veal Breaded Cutlet,MontpakVeal Breaded Cutlet,$5.49(est.)ea,$24.23/ 1kg
meat,President's Choice,Cheddar Jalapeno Smokies Pork Sausages,President's ChoiceCheddar Jalapeno Smokies Pork Sausages1000 g,$13.59ea,$1.36/ 100g
meat,President's Choice,Nashville-Style Chicken Wings,President's ChoiceNashville-Style Chicken Wings907 g,$11.99ea,$1.32/ 100g
meat,Schneider,"Smokies, Sharp Cheddar Smoked Sausage","SchneiderSmokies, Sharp Cheddar Smoked Sausage900 g",$14.99ea,$1.67/ 100g
meat,PC Blue Menu,Thick & Juicy™ Lean Beef Burgers  ,PC Blue MenuThick & Juicy™ Lean Beef Burgers  1.13 kg,$16.99ea,$1.50/ 100g
meat,,"Chicken Thighs, Club Pack","Chicken Thighs, Club Pack",$11.27(est.)ea,$9.24/ 1kg
meat,,"Pork Loin Comb End, Club Pack ","Pork Loin Comb End, Club Pack ",$15.90(est.)ea,$9.90/ 1kg
meat,Marcangelo,Bacon Wrapped Beef,MarcangeloBacon Wrapped Beef340 g,$12.49ea,$3.67/ 100g
meat,President's Choice,Free From Boneless Blade Roast Beef,President's ChoiceFree From Boneless Blade Roast Beef,$18.77(est.)ea,$26.43/ 1kg
meat,President's Choice,Plant Based Beefless Ground,President's ChoicePlant Based Beefless Ground340 g,$8.99ea,$2.64/ 100g
meat,President's Choice,Free From Pork Frankfurters,President's ChoiceFree From Pork Frankfurters375 g,$6.59ea,$1.76/ 100g
meat,Rea,Italian Sausage,ReaItalian Sausage720 g,$9.99ea,$1.39/ 100g
meat,Butcher's Choice,Beef Burgers,Butcher's ChoiceBeef Burgers1.13 kg,$15.99ea,$1.42/ 100g
meat,Maple Leaf,"Natural Pork Breakfast Sausage, Fully Cooked","Maple LeafNatural Pork Breakfast Sausage, Fully Cooked300 g",$7.99ea,$2.66/ 100g
meat,Beyond Meat,Beyond Burger Plant-Based,Beyond MeatBeyond Burger Plant-Based226 g,$7.99ea,$3.54/ 100g
meat,Zabiha Halal,Chicken Breast Strips,Zabiha HalalChicken Breast Strips800 g,$10.99ea,$1.37/ 100g
meat,President's Choice,Worlds of Flavors Carnitas Pork Shoulder,President's ChoiceWorlds of Flavors Carnitas Pork Shoulder900 g,$12.99ea,$1.44/ 100g
meat,Marcangelo,Bbq Flavour Bacon Wrapped Pork Loin Centre Cut Roast,MarcangeloBbq Flavour Bacon Wrapped Pork Loin Centre Cut Roast600 g,$11.99ea,$2.00/ 100g
meat,Maple Leaf,Original Natural Smoked Ham,Maple LeafOriginal Natural Smoked Ham600 g,$14.99ea,$2.50/ 100g
meat,No Name,Pork Cottage Roll,No NamePork Cottage Roll,$16.50(est.)ea,$11.00/ 1kg
meat,Marcangelo,Sweet Chili Lime Pork Sirloin Roast,MarcangeloSweet Chili Lime Pork Sirloin Roast800 g,$11.49ea,$1.44/ 100g
meat,,Chicken Drumsticks,Chicken Drumsticks,$6.23(est.)ea,$10.12/ 1kg
meat,,"Medium Ground Beef, Club Pack","Medium Ground Beef, Club Pack",$14.26(est.)ea,$11.00/ 1kg
meat,,Chicken Strips,Chicken Strips1.5 kg,$10.00ea,$0.67/ 100g
meat,President's Choice,Free From Maple Flavoured Bacon,President's ChoiceFree From Maple Flavoured Bacon375 g,$7.49ea,$2.00/ 100g
meat,Marcangelo,Italian Style Pork Sausages Sweet Italian ,MarcangeloItalian Style Pork Sausages Sweet Italian 375 g,$5.99ea,$1.60/ 100g
meat,Schneider,Original Ham Steak,SchneiderOriginal Ham Steak175 g,$6.29ea,$3.59/ 100g
meat,Johnsonville,Ground Mild Italian Sausage,JohnsonvilleGround Mild Italian Sausage375 g,$6.99ea,$1.86/ 100g
meat,Zabiha Halal,Breaded Chicken Burgers,Zabiha HalalBreaded Chicken Burgers800 g,$10.99ea,$1.37/ 100g
meat,St Hubert,"Back Ribs, Texas Style","St HubertBack Ribs, Texas Style680 g",$16.99ea,$2.50/ 100g
meat,President's Choice,Swedish Beef Meatballs,President's ChoiceSwedish Beef Meatballs907 g,$16.99ea,$1.87/ 100g
meat,Johnsonville,Original Bratwurst Sausage,JohnsonvilleOriginal Bratwurst Sausage500 g,$6.99ea,$1.40/ 100g
meat,PC Blue Menu,Sirloin Beef Burger,PC Blue MenuSirloin Beef Burger1.02 kg,$16.99ea,$1.67/ 100g
meat,President's Choice,"Free From Chicken Drumsticks, Club Pack","President's ChoiceFree From Chicken Drumsticks, Club Pack",$12.10(est.)ea,$11.00/ 1kg
meat,Maple Leaf,Red Hots Original Hot Dogs Party Size,Maple LeafRed Hots Original Hot Dogs Party Size900 g,$9.49ea,$1.05/ 100g
meat,No Name,"Honey Garlic Chicken Wings, Club Pack","No NameHoney Garlic Chicken Wings, Club Pack1.81 kg",$24.99ea,$1.38/ 100g
meat,Maple Leaf,Natural Less Salt Bacon,Maple LeafNatural Less Salt Bacon375 g,$8.49ea,$2.26/ 100g
meat,President's Choice,Steak-Cut Smoked Bacon Stacon Uncooked,President's ChoiceSteak-Cut Smoked Bacon Stacon Uncooked500 g,$7.79ea,$1.56/ 100g
meat,President's Choice,Boneless Spiral-Sliced Hickory-Smoked Ham with Brown Sugar Glaze Pouch ,President's ChoiceBoneless Spiral-Sliced Hickory-Smoked Ham with Brown Sugar Glaze Pouch ,$34.82(est.)ea,$18.72/ 1kg
meat,Sufra,Bone-in Skin-on Chicken Thighs,SufraBone-in Skin-on Chicken Thighs840 g,$8.00ea,$0.95/ 100g
meat,Lous,Peameal Bacon Original,LousPeameal Bacon Original454 g,$7.99ea,$1.76/ 100g
meat,Lilydale,Turkey Sausages Bratwurst,LilydaleTurkey Sausages Bratwurst500 g,$5.99ea,$1.20/ 100g
meat,Janes,BBQ Chickens Bites,JanesBBQ Chickens Bites710 g,$16.99ea,$2.39/ 100g
meat,Zabiha Halal,"Halal Hot Dog, Supreme","Zabiha HalalHalal Hot Dog, Supreme900 g",$6.99ea,$0.78/ 100g
meat,Schneider,"Smoked Sausage, Classic Recipe","SchneiderSmoked Sausage, Classic Recipe375 g",$5.99ea,$1.60/ 100g
meat,Al Safa,Lean Ground Beef,Al SafaLean Ground Beef908 g,$10.00ea,$1.10/ 100g
meat,President's Choice,Thick & Juicy Beef Burgers,President's ChoiceThick & Juicy Beef Burgers2.72 kg,$26.99ea,$0.99/ 100g
meat,President's Choice,Free From Honey Garlic Flavoured Pork Sausages ,President's ChoiceFree From Honey Garlic Flavoured Pork Sausages 500 g,$6.99ea,$1.40/ 100g
meat,Schneider,Texas BBQ Chicken Wings,SchneiderTexas BBQ Chicken Wings615 g,$9.99ea,$1.62/ 100g
meat,,"Beef Outside Round Fast Fry Steaks, Club Pack","Beef Outside Round Fast Fry Steaks, Club Pack",$16.23(est.)ea,$24.23/ 1kg
meat,Johnsonville,Fully Cooked Maple Breakfast Sausages,JohnsonvilleFully Cooked Maple Breakfast Sausages250 g,$5.99ea,$2.40/ 100g
meat,,"Lamb Leg, Short Cut","Lamb Leg, Short Cut",$40.12(est.)ea,$16.51/ 1kg
meat,Zabiha Halal,Chicken Sausages,Zabiha HalalChicken Sausages375 g,$6.49ea,$1.73/ 100g
meat,President's Choice,World Of Flavours Greek Seasoned Pork Loin Roast,President's ChoiceWorld Of Flavours Greek Seasoned Pork Loin Roast730 g,$12.49ea,$1.71/ 100g
meat,,Southwestern Style Pork Loin Steaks,Southwestern Style Pork Loin Steaks380 g,$6.00ea,$1.58/ 100g
meat,President's Choice,Free From Wieners,President's ChoiceFree From Wieners375 g,$5.99ea,$1.60/ 100g
meat,No Name,"Chicken Wings, Honey Garlic","No NameChicken Wings, Honey Garlic908 g",$13.00ea,$1.43/ 100g
meat,Marcangelo,Beef Top Sirloin Roast,MarcangeloBeef Top Sirloin Roast600 g,$19.99ea,$3.33/ 100g
meat,No Name,"Chicken Burger, Club Pack","No NameChicken Burger, Club Pack1810 g",$10.49ea,$0.58/ 100g
meat,Mrakovic,Burger The Big Balkan Pljeskavica,MrakovicBurger The Big Balkan Pljeskavica1100 g,$21.99ea,$2.00/ 100g
meat,Rea,Italian Sausage Rosemary Garlic ,ReaItalian Sausage Rosemary Garlic 720 g,$9.99ea,$1.39/ 100g
meat,Lilydale,Turkey Sausages Hot Italian,LilydaleTurkey Sausages Hot Italian500 g,$5.99ea,$1.20/ 100g
meat,Butcher's Choice,"Beef Burger, Cheddar Cheese","Butcher's ChoiceBeef Burger, Cheddar Cheese1.13 kg",$15.99ea,$1.42/ 100g
meat,President's Choice,Free From Angus Beef Meatball,President's ChoiceFree From Angus Beef Meatball850 g,$16.99ea,$2.00/ 100g
meat,Zabiha Halal,Buffalo Wings Spicy,Zabiha HalalBuffalo Wings Spicy908 g,$17.99ea,$1.98/ 100g
meat,Maple Lodge Farms LT,Chicken Bacon-Style,Maple Lodge Farms LTChicken Bacon-Style375 g,$6.99ea,$1.86/ 100g
meat,Zabiha Halal,Sliced Smoked Halal Chicken Breast Roast,Zabiha HalalSliced Smoked Halal Chicken Breast Roast200 g,$6.29ea,$3.15/ 100g
meat,Zabiha Halal,Spicy Italian Fully-Cooked Sausages,Zabiha HalalSpicy Italian Fully-Cooked Sausages375 g,$6.49ea,$1.73/ 100g
meat,Zabiha Halal,Chicken Breast Nuggets,Zabiha HalalChicken Breast Nuggets800 g,$10.99ea,$1.37/ 100g
meat,Marcangelo,"Pork Souvlaki, Value Pack","MarcangeloPork Souvlaki, Value Pack640 g",$12.99ea,$2.03/ 100g
meat,President's Choice,Thick & Juicy™ Chicken Burgers ,President's ChoiceThick & Juicy™ Chicken Burgers 1.13 kg,$15.99ea,$1.42/ 100g
meat,,"Thick Centre Cut Pork Loin Steak, Boneless","Thick Centre Cut Pork Loin Steak, Boneless380 g",$6.00ea,$1.58/ 100g
meat,,Pork Boneless Chop Center & Rib,Pork Boneless Chop Center & Rib,$5.68(est.)ea,$15.41/ 1kg
meat,,"Navel Beef, 4LB","Navel Beef, 4LB1.814 kg",$22.99ea,$1.27/ 100g
meat,Johnsonville,Maple Breakfast Sausage,JohnsonvilleMaple Breakfast Sausage375 g,$6.99ea,$1.86/ 100g
meat,President's Choice,Thick & Juicy™ Beef Burgers  ,President's ChoiceThick & Juicy™ Beef Burgers  1.36 kg,$16.99ea,$1.25/ 100g
meat,Butcher's Choice,Pork and Beef Breakfast Sausages,Butcher's ChoicePork and Beef Breakfast Sausages500 g,$4.99ea,$1.00/ 100g
meat,No Name,Buffalo Chicken Wings,No NameBuffalo Chicken Wings908 g,$13.00ea,$1.43/ 100g
meat,Marcangelo,Frozen Twisters Jumbo Sausage,MarcangeloFrozen Twisters Jumbo Sausage500 g,$6.99ea,$1.40/ 100g
meat,President's Choice,Gochujang Sweet & Spicy Chicken Wings,President's ChoiceGochujang Sweet & Spicy Chicken Wings907 g,$15.99ea,$1.76/ 100g
meat,President's Choice,Thick & Juicy Bear Paw Burgers (Case),President's ChoiceThick & Juicy Bear Paw Burgers (Case)4.54 kg,$44.99c01,$0.99/ 100g
meat,Schneider,Red Hots Original Hot Dogs,SchneiderRed Hots Original Hot Dogs375 g,$6.49ea,$1.73/ 100g
meat,No Name,"Chicken Wings, Club Pack","No NameChicken Wings, Club Pack1.81 kg",$24.99ea,$1.38/ 100g
meat,Johnsonville,Original Breakfast Sausage Rounds,JohnsonvilleOriginal Breakfast Sausage Rounds250 g,$6.99ea,$2.80/ 100g
meat,No Name,Original Smoked Sausages,No NameOriginal Smoked Sausages900 g,$10.29ea,$1.14/ 100g
meat,,"Boneless Chuck Tender Steak, Club Pack","Boneless Chuck Tender Steak, Club Pack",$20.84(est.)ea,$24.23/ 1kg
meat,President's Choice,"Free From Pork Side Rib Breast, Club Pack","President's ChoiceFree From Pork Side Rib Breast, Club Pack",$22.46(est.)ea,$13.21/ 1kg
meat,Lilydale,Daystarters Sausage Turkey ,LilydaleDaystarters Sausage Turkey 375 g,$3.29ea,$0.88/ 100g
meat,No Name,"Chicken Strips, Club Pack","No NameChicken Strips, Club Pack1810 g",$10.49ea,$0.58/ 100g
meat,,Medium Ground Beef,Medium Ground Beef500 g,$6.00ea,$1.20/ 100g
meat,Marcangelo,Mild Italian Jumbo Sausage,MarcangeloMild Italian Jumbo Sausage675 g,$6.99ea,$1.04/ 100g
meat,No Name,"Fully Cooked, Breaded Chicken Burgers","No NameFully Cooked, Breaded Chicken Burgers908 g",$6.00ea,$0.66/ 100g
meat,Marcangelo,Chicken Breast Medallions Bacon Wrapped 452 g,MarcangeloChicken Breast Medallions Bacon Wrapped 452 g452 g,$12.99ea,$2.87/ 100g
meat,,"Lean Ground Beef, Club Pack","Lean Ground Beef, Club Pack",$16.50(est.)ea,$12.76/ 1kg
meat,PC Black Label,Wagyu Beef Burgers,PC Black LabelWagyu Beef Burgers568 g,$15.99ea,$2.82/ 100g
meat,Sufra,Chicken Thigh,SufraChicken Thigh1.54 kg,$12.00ea,$0.78/ 100g
meat,President's Choice,"Free From Boneless Center Loin Roast, Tray Pack","President's ChoiceFree From Boneless Center Loin Roast, Tray Pack",$13.10(est.)ea,$18.72/ 1kg
meat,Maple Leaf,Lazy Maple Natural Bacon,Maple LeafLazy Maple Natural Bacon375 g,$7.99ea,$2.13/ 100g
meat,No Name,"Chicken Wings, Mild BBQ","No NameChicken Wings, Mild BBQ908 g",$13.00ea,$1.43/ 100g
meat,President's Choice,World Of Flavours Canadian Maple Apple Butter Roast,President's ChoiceWorld Of Flavours Canadian Maple Apple Butter Roast730 g,$12.49ea,$1.71/ 100g
meat,Johnsonville,Ground Hot Italian Sausage,JohnsonvilleGround Hot Italian Sausage375 g,$6.99ea,$1.86/ 100g
meat,Johnsonville,"Smoked Sausage, Beef & Cheddar","JohnsonvilleSmoked Sausage, Beef & Cheddar375 g",$6.99ea,$1.86/ 100g
meat,,"Pork Loin Chop, Centre Cut","Pork Loin Chop, Centre Cut",$8.01(est.)ea,$14.31/ 1kg
meat,No Name,"Burger C/Pack 20'S 5Lb, Club Pack","No NameBurger C/Pack 20'S 5Lb, Club Pack2.27 kg",$24.99ea,$1.10/ 100g
meat,President's Choice,Dry-Rubbed Sea Salt & Black Pepper Pork Back Ribs,President's ChoiceDry-Rubbed Sea Salt & Black Pepper Pork Back Ribs680 g,$12.99ea,$1.91/ 100g
meat,Sufra,Halal Stuffed Chicken Mozzarella,SufraHalal Stuffed Chicken Mozzarella568 g,$11.00ea,$1.94/ 100g
meat,Sufra,Skin-on Chicken Drumsticks,SufraSkin-on Chicken Drumsticks1.575 kg,$12.00ea,$0.76/ 100g
meat,President's Choice,Free From Boneless Pork Center & Rib Chops,President's ChoiceFree From Boneless Pork Center & Rib Chops,$8.15(est.)ea,$17.84/ 1kg
meat,Sufra,Boneless Skinless Chicken Breasts,SufraBoneless Skinless Chicken Breasts645 g,$12.00ea,$1.86/ 100g
meat,Janes,Pub Style Turkey Nuggets,JanesPub Style Turkey Nuggets600 g,$11.99ea,$2.00/ 100g
meat,,"Lean Ground Pork, Club Pack","Lean Ground Pork, Club Pack",$10.93(est.)ea,$9.45/ 1kg
meat,Schneider,Buttery Buffalo Chicken Wings,SchneiderButtery Buffalo Chicken Wings615 g,$9.99ea,$1.62/ 100g
meat,President's Choice,"Pub Recipe Chicken Strips, Fully Cooked","President's ChoicePub Recipe Chicken Strips, Fully Cooked700 g",$7.49ea,$1.07/ 100g
meat,Zabiha Halal,Sausage Snacks Original Fully Cooked Chicken Sticks,Zabiha HalalSausage Snacks Original Fully Cooked Chicken Sticks300 g,$9.99ea,$3.33/ 100g
meat,Al Safa,Chicken Tenderz Spicy ,Al SafaChicken Tenderz Spicy 400 g,$9.99ea,$2.50/ 100g
meat,,Eye Of Round Roast,Eye Of Round Roast,$18.28(est.)ea,$22.02/ 1kg
meat,President's Choice,Italian Smokies,President's ChoiceItalian Smokies1 kg,$13.59ea,$1.36/ 100g
meat,Schneider,Juicy Jumbos Hot & Spicy Hot Dogs,SchneiderJuicy Jumbos Hot & Spicy Hot Dogs450 g,$5.99ea,$1.33/ 100g
meat,President's Choice,Yuzu Citrus Chicken Wings,President's ChoiceYuzu Citrus Chicken Wings907 g,$11.99ea,$1.32/ 100g
meat,Maple Lodge Farms LT,Chicken Bacon-Style,Maple Lodge Farms LTChicken Bacon-Style375 g,$6.99ea,$1.86/ 100g
meat,,Pork Loin Chop Center,Pork Loin Chop Center,$10.63(est.)ea,$15.41/ 1kg
meat,President's Choice,Thick & Juicy™ Chicken Burgers ,President's ChoiceThick & Juicy™ Chicken Burgers 1.13 kg,$15.99ea,$1.42/ 100g
meat,PC Blue Menu,Thick & Juicy Turkey Burgers,PC Blue MenuThick & Juicy Turkey Burgers1.13 kg,$16.99ea,$1.50/ 100g
meat,,"Pork Loin Centre Chop, Club Pack Seasoned","Pork Loin Centre Chop, Club Pack Seasoned",$17.71(est.)ea,$13.21/ 1kg
meat,No Name,Breaded Chicken Cutlettes Chicken Strips,No NameBreaded Chicken Cutlettes Chicken Strips908 g,$6.00ea,$0.66/ 100g
meat,President's Choice,"Chicken Nuggets, Club Pack","President's ChoiceChicken Nuggets, Club Pack1.4 kg",$11.99ea,$0.86/ 100g
meat,President's Choice,Honey Garlic Chicken Wings,President's ChoiceHoney Garlic Chicken Wings907 g,$11.99ea,$1.32/ 100g
meat,Schneider,"Smoked Sausage, Classic Cheddar","SchneiderSmoked Sausage, Classic Cheddar375 g",$5.99ea,$1.60/ 100g
meat,No Name,Hot Dogs Chicken Club Pack,No NameHot Dogs Chicken Club Pack1.5 kg,$6.89ea,$0.46/ 100g
meat,Butcher's Choice,Mild Italian Pork Sausages,Butcher's ChoiceMild Italian Pork Sausages1.45 kg,$15.99ea,$1.10/ 100g
meat,Rea,Italian Sausage Mild Fennel,ReaItalian Sausage Mild Fennel720 g,$9.99ea,$1.39/ 100g
meat,,Grade A Fresh Turkey 9-11 Kg,Grade A Fresh Turkey 9-11 Kg,$76.90(est.)ea,$7.69/ 1kg
meat,No Name,Original Smoked Sausages,No NameOriginal Smoked Sausages900 g,$10.29ea,$1.14/ 100g
meat,,"Striploin Steak, Club Pack","Striploin Steak, Club Pack",$28.65(est.)ea,$35.25/ 1kg
meat,Maple Lodge Farms LT,"Ultimate Chicken Wiener, Spicy","Maple Lodge Farms LTUltimate Chicken Wiener, Spicy900 g",$6.99ea,$0.78/ 100g
meat,Butterball,Turkey Franks,ButterballTurkey Franks450 g,$5.49ea,$1.22/ 100g
meat,,"Pork St Louis Side Rib, Seasoned","Pork St Louis Side Rib, Seasoned",$14.80(est.)ea,$15.41/ 1kg
meat,Sufra,Halal Chicken Breast Strips,SufraHalal Chicken Breast Strips375 g,$6.19ea,$1.65/ 100g
meat,No Name,"Fully Cooked, Breaded Chicken Burgers","No NameFully Cooked, Breaded Chicken Burgers908 g",$6.00ea,$0.66/ 100g
meat,President's Choice,"Free From Air Chilled Chicken Thighs, Club Pack","President's ChoiceFree From Air Chilled Chicken Thighs, Club Pack",$14.08(est.)ea,$11.00/ 1kg
meat,Zabiha Halal,Sliced Cooked Chicken Breast Roast,Zabiha HalalSliced Cooked Chicken Breast Roast200 g,$6.29ea,$3.15/ 100g
meat,,Medium Ground Beef,Medium Ground Beef454 g,$5.00ea,$1.10/ 100g
meat,Schneider,Honey Garlic Wings,SchneiderHoney Garlic Wings615 g,$9.99ea,$1.62/ 100g
meat,President's Choice,Thick & Juicy™ Sirloin Beef Burgers ,President's ChoiceThick & Juicy™ Sirloin Beef Burgers 1.13 kg,$16.99ea,$1.50/ 100g
meat,,Medium Ground Beef,Medium Ground Beef500 g,$6.00ea,$1.20/ 100g
meat,,"Chicken Leg with Bone, Club Pack","Chicken Leg with Bone, Club Pack",$4.16(est.)ea,$3.28/ 1kg
meat,President's Choice,Angus Ballpark Franks,President's ChoiceAngus Ballpark Franks450 g,$6.89ea,$1.53/ 100g
meat,,"Extra Lean Ground Beef, Club Pack","Extra Lean Ground Beef, Club Pack",$15.60(est.)ea,$14.31/ 1kg
meat,President's Choice,Gochujang Sweet & Spicy Chicken Bites,President's ChoiceGochujang Sweet & Spicy Chicken Bites700 g,$11.99ea,$1.71/ 100g
meat,President's Choice,"Meatballs, Italian Style","President's ChoiceMeatballs, Italian Style907 g",$16.99ea,$1.87/ 100g
meat,No Name,"Chicken Wings, Medium BBQ","No NameChicken Wings, Medium BBQ908 g",$13.00ea,$1.43/ 100g
meat,No Name,"Smoked Sausages, Cheese","No NameSmoked Sausages, Cheese900 g",$10.29ea,$1.14/ 100g
meat,Johnsonville,"Smoked Sausage, Beef & Cheddar","JohnsonvilleSmoked Sausage, Beef & Cheddar375 g",$6.99ea,$1.86/ 100g
meat,No Name,Crispy Southern Style Chicken,No NameCrispy Southern Style Chicken1 kg,$16.99ea,$1.70/ 100g
meat,President's Choice,"Too Good To Be Wings, Honey Garlic","President's ChoiceToo Good To Be Wings, Honey Garlic800 g",$11.69ea,$1.46/ 100g
meat,,Lean Ground Beef & Pork,Lean Ground Beef & Pork,$13.99(est.)ea,$11.66/ 1kg
meat,President's Choice,Angus Beef Meatballs,President's ChoiceAngus Beef Meatballs907 g,$14.99ea,$1.65/ 100g
meat,President's Choice,"Pub Recipe Chicken Strips, Fully Cooked","President's ChoicePub Recipe Chicken Strips, Fully Cooked700 g",$7.49ea,$1.07/ 100g
meat,Schneider,Buttery Buffalo Chicken Wings,SchneiderButtery Buffalo Chicken Wings615 g,$9.99ea,$1.62/ 100g
meat,,"Stewing Beef, Boneless, Club Pack","Stewing Beef, Boneless, Club Pack",$18.72(est.)ea,$18.72/ 1kg
meat,,"Beef Eye of Round Fast Fry Steaks, Club Pack","Beef Eye of Round Fast Fry Steaks, Club Pack",$13.68(est.)ea,$25.33/ 1kg
meat,Schneider,Salt & Cracked Pepper Wings Seasoned & Savoury,SchneiderSalt & Cracked Pepper Wings Seasoned & Savoury615 g,$9.99ea,$1.62/ 100g
meat,,"Chicken Thigh, Boneless, Skinless, Club Pack","Chicken Thigh, Boneless, Skinless, Club Pack",$16.84(est.)ea,$16.51/ 1kg
meat,Schneider,"Smokies, Original Smoked Sausage","SchneiderSmokies, Original Smoked Sausage900 g",$14.99ea,$1.67/ 100g
meat,President's Choice,Yuzu Citrus Chicken Wings,President's ChoiceYuzu Citrus Chicken Wings907 g,$11.99ea,$1.32/ 100g
meat,Zabiha Halal,Beef Burger,Zabiha HalalBeef Burger907 g,$15.99ea,$1.76/ 100g
meat,,Pork Tenderloin,Pork Tenderloin,$7.85(est.)ea,$14.53/ 1kg
meat,Butcher's Choice,Honey Garlic Flavoured Pork Sausages ,Butcher's ChoiceHoney Garlic Flavoured Pork Sausages 1.45 kg,$15.99ea,$1.10/ 100g
meat,,Chuck Tender Steak,Chuck Tender Steak,$12.82(est.)ea,$26.43/ 1kg
meat,,Beef Braising Ribs Club Pack,Beef Braising Ribs Club Pack,$23.96(est.)ea,$27.54/ 1kg
meat,Sufra,Halal Chicken Breast Club Pack 7Pk,SufraHalal Chicken Breast Club Pack 7Pk1.505 kg,$24.00ea,$1.59/ 100g
meat,,"Beef Shank, Sliced Bone-In","Beef Shank, Sliced Bone-In",$6.84(est.)ea,$16.51/ 1kg
meat,,"Sirloin Tip Steak, Club Pack","Sirloin Tip Steak, Club Pack",$17.33(est.)ea,$22.02/ 1kg
meat,,"Halal Whole Chicken, Tray Pack","Halal Whole Chicken, Tray Pack",$11.54(est.)ea,$7.69/ 1kg
meat,President's Choice,Thick & Juicy™ Prime Rib Beef Burger,President's ChoiceThick & Juicy™ Prime Rib Beef Burger1.13 kg,$16.99ea,$1.50/ 100g
meat,,"Chicken Breast Fillet, Club Pack","Chicken Breast Fillet, Club Pack",$12.02(est.)ea,$16.51/ 1kg
meat,President's Choice,Honey Garlic Chicken Wings,President's ChoiceHoney Garlic Chicken Wings907 g,$11.99ea,$1.32/ 100g
meat,Schneider,Juicy Jumbos All Beef Hot Dogs,SchneiderJuicy Jumbos All Beef Hot Dogs375 g,$5.99ea,$1.60/ 100g
meat,Maple Leaf,Chicken Ground Lean,Maple LeafChicken Ground Lean454 g,$8.00ea,$1.76/ 100g
meat,Swiss Chalet,"Pork Back Ribs, Honey Garlic","Swiss ChaletPork Back Ribs, Honey Garlic600 g",$14.99ea,$2.50/ 100g
meat,President's Choice,Barbecue Seasoned Pork Shoulder Blade (World Of Flavours ),President's ChoiceBarbecue Seasoned Pork Shoulder Blade (World Of Flavours )900 g,$12.99ea,$1.44/ 100g
meat,Schneider,Juicy Jumbos Original Hot Dogs,SchneiderJuicy Jumbos Original Hot Dogs450 g,$5.99ea,$1.33/ 100g
meat,President's Choice,Ham Steak,President's ChoiceHam Steak175 g,$5.59ea,$3.19/ 100g
meat,President's Choice,Free From Australian Lamb Shanks,President's ChoiceFree From Australian Lamb Shanks,$21.28(est.)ea,$18.72/ 1kg
meat,President's Choice,Free From Australian Lamb Spiedini 24 Skewers,President's ChoiceFree From Australian Lamb Spiedini 24 Skewers480 g,$26.00ea,$5.42/ 100g
meat,President's Choice,"Cocktail Sausage Smokies, Original","President's ChoiceCocktail Sausage Smokies, Original500 g",$7.69ea,$1.54/ 100g
meat,President's Choice,Breaded Chicken Strips,President's ChoiceBreaded Chicken Strips600 g,$8.49ea,$1.42/ 100g
meat,,Cook's Portion Ham,Cook's Portion Ham,$36.17(est.)ea,$8.80/ 1kg
meat,Pillers,Smoked Sausage Original Knackwurst,PillersSmoked Sausage Original Knackwurst375 g,$5.49ea,$1.46/ 100g
meat,President's Choice,Free From Angus Beef Burger,President's ChoiceFree From Angus Beef Burger1.02 kg,$16.99ea,$1.67/ 100g
meat,President's Choice,Free From Chorizo Pork Sausages,President's ChoiceFree From Chorizo Pork Sausages500 g,$6.99ea,$1.40/ 100g
meat,President's Choice,Free From Turkey Breast Fillet,President's ChoiceFree From Turkey Breast Fillet,$6.28(est.)ea,$20.92/ 1kg
meat,Johnsonville,Fully Cooked Breakfast Sausage,JohnsonvilleFully Cooked Breakfast Sausage250 g,$5.99ea,$2.40/ 100g
meat,Zabiha Halal,Chicken Breakfast Strips,Zabiha HalalChicken Breakfast Strips375 g,$5.99ea,$1.60/ 100g
meat,,Chickent Nuggets,Chickent Nuggets1.5 kg,$10.00ea,$0.67/ 100g
meat,Janes, Turkey Strips,Janes Turkey Strips600 g,$11.99ea,$2.00/ 100g
meat,Marcangelo,Italian Pork Meatballs,MarcangeloItalian Pork Meatballs1 kg,$13.00ea,$1.30/ 100g
meat,President's Choice,Original Smokies,President's ChoiceOriginal Smokies1 kg,$13.59ea,$1.36/ 100g
meat,New Zealand,Lamb Loin Chops,New ZealandLamb Loin Chops350 g,$12.29ea,$35.11/ 1kg
meat,Maple Leaf,Country Naturals Hot Dogs,Maple LeafCountry Naturals Hot Dogs375 g,$5.99ea,$1.60/ 100g
meat,PC Blue Menu,Italian Beef Meatballs,PC Blue MenuItalian Beef Meatballs907 g,$14.99ea,$1.65/ 100g
meat,No Name,Salt & Pepper Chicken Wings,No NameSalt & Pepper Chicken Wings908 g,$13.00ea,$1.43/ 100g
meat,,Breaded Chicken Burger,Breaded Chicken Burger1.5 kg,$10.00ea,$0.67/ 100g
meat,Beyond Meat,Breakfast Sausage,Beyond MeatBreakfast Sausage235 g,$8.49ea,$3.61/ 100g
meat,President's Choice,"Fully Cooked Pork Back Ribs, Smokin Stampede","President's ChoiceFully Cooked Pork Back Ribs, Smokin Stampede500 g",$12.99ea,$2.60/ 100g
meat,President's Choice,Free From Cocktail Mild Italian Pork Sausages,President's ChoiceFree From Cocktail Mild Italian Pork Sausages375 g,$6.99ea,$1.86/ 100g
meat,Johnsonville,"Smoked Sausage, Beef","JohnsonvilleSmoked Sausage, Beef375 g",$6.99ea,$1.86/ 100g
meat,Beyond Meat,Sausage Mild Italian,Beyond MeatSausage Mild Italian400 g,$8.99ea,$2.25/ 100g
meat,,Lean Ground Beef,Lean Ground Beef454 g,$6.00ea,$1.32/ 100g
